[{"roll":"595610","technology":" DIPLOMA IN ENGINEERING (ALLIED),","regulation":"2016 ","college":"Rangpur Polytechnic Institute","result":[{"semester":"2nd","status":"3.43"}],"passed":true},{"roll":"595933","technology":" DIPLOMA IN ENGINEERING (ALLIED),","regulation":"2016 ","college":"Rangpur Polytechnic Institute","result":[{"semester":"2nd","status":"3.45"}],"passed":true},{"roll":"595935","technology":" DIPLOMA IN ENGINEERING (ALLIED),","regulation":"2016 ","college":"Rangpur Polytechnic Institute","result":[{"semester":"2nd","status":"3.33"}],"passed":true},{"roll":"595948","technology":" DIPLOMA IN ENGINEERING (ALLIED),","regulation":"2016 ","college":"Rangpur Polytechnic Institute","result":[{"semester":"2nd","status":"3.48"}],"passed":true},{"roll":"595949","technology":" DIPLOMA IN ENGINEERING (ALLIED),","regulation":"2016 ","college":"Rangpur Polytechnic Institute","result":[{"semester":"2nd","status":"3.53"}],"passed":true},{"roll":"596941","technology":" DIPLOMA IN ENGINEERING (ALLIED),","regulation":"2016 ","college":"Rangpur Polytechnic Institute","result":[{"semester":"2nd","status":"3.55"}],"passed":true},{"roll":"596942","technology":" DIPLOMA IN ENGINEERING (ALLIED),","regulation":"2016 ","college":"Rangpur Polytechnic Institute","result":[{"semester":"2nd","status":"3.15"}],"passed":true},{"roll":"597002","technology":" DIPLOMA IN ENGINEERING (ALLIED),","regulation":"2016 ","college":"Rangpur Polytechnic Institute","result":[{"semester":"2nd","status":"3.25"}],"passed":true},{"roll":"597361","technology":" DIPLOMA IN ENGINEERING (ALLIED),","regulation":"2016 ","college":"Rangpur Polytechnic Institute","result":[{"semester":"2nd","status":"3.13"}],"passed":true},{"roll":"597383","technology":" DIPLOMA IN ENGINEERING (ALLIED),","regulation":"2016 ","college":"Rangpur Polytechnic Institute","result":[{"semester":"2nd","status":"3.40"}],"passed":true},{"roll":"596944","technology":" DIPLOMA IN ENGINEERING (ALLIED),","regulation":"2016 ","college":"Rangpur Polytechnic Institute","result":[{"semester":"2nd","status":"{ 67076(T) }"}],"passed":false},{"roll":"596969","technology":" DIPLOMA IN ENGINEERING (ALLIED),","regulation":"2016 ","college":"Rangpur Polytechnic Institute","result":[{"semester":"2nd","status":"{ 67053(P), 67071(T,P),\r\n67073(P), 67076(T,P) }"}],"passed":false},{"roll":"597446","technology":" DIPLOMA IN ENGINEERING (ALLIED),","regulation":"2016 ","college":"Rangpur Polytechnic Institute","result":[{"semester":"2nd","status":"{ 67053(T), 67071(T),\r\n67076(T) }"}],"passed":false},{"roll":"595947","technology":" DIPLOMA IN ENGINEERING (ALLIED),","regulation":"2016 ","college":"Bogra Polytechnic Institute","result":[{"semester":"2nd","status":"2.93"}],"passed":true},{"roll":"596971","technology":" DIPLOMA IN ENGINEERING (ALLIED),","regulation":"2016 ","college":"Bogra Polytechnic Institute","result":[{"semester":"2nd","status":"3.13"}],"passed":true},{"roll":"595727","technology":" DIPLOMA IN ENGINEERING (ALLIED),","regulation":"2016 ","college":"Rajshahi Polytechnic Institute","result":[{"semester":"2nd","status":"3.34"}],"passed":true},{"roll":"596972","technology":" DIPLOMA IN ENGINEERING (ALLIED),","regulation":"2016 ","college":"Rajshahi Polytechnic Institute","result":[{"semester":"2nd","status":"3.30"}],"passed":true},{"roll":"595736","technology":" DIPLOMA IN ENGINEERING (ALLIED),","regulation":"2016 ","college":"Rajshahi Polytechnic Institute","result":[{"semester":"2nd","status":"{ 67071(T) }"}],"passed":false},{"roll":"595934","technology":" DIPLOMA IN ENGINEERING (ALLIED),","regulation":"2016 ","college":"Rajshahi Polytechnic Institute","result":[{"semester":"2nd","status":"{ 67073(T) }"}],"passed":false},{"roll":"597413","technology":" DIPLOMA IN ENGINEERING (ALLIED),","regulation":"2016 ","college":"Khulna Polytechnic Institute","result":[{"semester":"2nd","status":"2.88"}],"passed":true},{"roll":"595626","technology":" DIPLOMA IN ENGINEERING (ALLIED),","regulation":"2016 ","college":"Khulna Polytechnic Institute","result":[{"semester":"2nd","status":"{ 67071(T) }"}],"passed":false},{"roll":"597028","technology":" DIPLOMA IN ENGINEERING (ALLIED),","regulation":"2016 ","college":"Khulna Polytechnic Institute","result":[{"semester":"2nd","status":"{ 67071(T), 67076(T) }"}],"passed":false},{"roll":"597553","technology":" DIPLOMA IN ENGINEERING (ALLIED),","regulation":"2016 ","college":"Khulna Polytechnic Institute","result":[{"semester":"2nd","status":"{ 67071(T) }"}],"passed":false},{"roll":"595972","technology":" DIPLOMA IN ENGINEERING (ALLIED),","regulation":"2016 ","college":"Barisal Polytechnic Institute","result":[{"semester":"2nd","status":"3.20"}],"passed":true},{"roll":"597038","technology":" DIPLOMA IN ENGINEERING (ALLIED),","regulation":"2016 ","college":"Barisal Polytechnic Institute","result":[{"semester":"2nd","status":"3.78"}],"passed":true},{"roll":"597039","technology":" DIPLOMA IN ENGINEERING (ALLIED),","regulation":"2016 ","college":"Barisal Polytechnic Institute","result":[{"semester":"2nd","status":"3.85"}],"passed":true},{"roll":"597040","technology":" DIPLOMA IN ENGINEERING (ALLIED),","regulation":"2016 ","college":"Barisal Polytechnic Institute","result":[{"semester":"2nd","status":"3.70"}],"passed":true},{"roll":"597041","technology":" DIPLOMA IN ENGINEERING (ALLIED),","regulation":"2016 ","college":"Barisal Polytechnic Institute","result":[{"semester":"2nd","status":"3.35"}],"passed":true},{"roll":"597042","technology":" DIPLOMA IN ENGINEERING (ALLIED),","regulation":"2016 ","college":"Barisal Polytechnic Institute","result":[{"semester":"2nd","status":"3.43"}],"passed":true},{"roll":"597043","technology":" DIPLOMA IN ENGINEERING (ALLIED),","regulation":"2016 ","college":"Barisal Polytechnic Institute","result":[{"semester":"2nd","status":"3.83"}],"passed":true},{"roll":"597090","technology":" DIPLOMA IN ENGINEERING (ALLIED),","regulation":"2016 ","college":"Barisal Polytechnic Institute","result":[{"semester":"2nd","status":"3.93"}],"passed":true},{"roll":"597164","technology":" DIPLOMA IN ENGINEERING (ALLIED),","regulation":"2016 ","college":"Barisal Polytechnic Institute","result":[{"semester":"2nd","status":"3.63"}],"passed":true},{"roll":"597352","technology":" DIPLOMA IN ENGINEERING (ALLIED),","regulation":"2016 ","college":"Barisal Polytechnic Institute","result":[{"semester":"2nd","status":"3.13"}],"passed":true},{"roll":"597447","technology":" DIPLOMA IN ENGINEERING (ALLIED),","regulation":"2016 ","college":"Barisal Polytechnic Institute","result":[{"semester":"2nd","status":"3.85"}],"passed":true},{"roll":"597448","technology":" DIPLOMA IN ENGINEERING (ALLIED),","regulation":"2016 ","college":"Barisal Polytechnic Institute","result":[{"semester":"2nd","status":"3.35"}],"passed":true},{"roll":"597161","technology":" DIPLOMA IN ENGINEERING (ALLIED),","regulation":"2016 ","college":"Barisal Polytechnic Institute","result":[{"semester":"2nd","status":"{ 67053(T,P), 67062(T,P),\r\n67071(T,P), 67073(T,P), 67075(T),\r\n67076(T,P) }"}],"passed":false},{"roll":"597175","technology":" DIPLOMA IN ENGINEERING (ALLIED),","regulation":"2016 ","college":"Barisal Polytechnic Institute","result":[{"semester":"2nd","status":"{ 66741(P), 66773(P),\r\n66774(P) }"}],"passed":false},{"roll":"595151","technology":" DIPLOMA IN ENGINEERING (ALLIED),","regulation":"2016 ","college":"Dhaka Polytechnic Institute","result":[{"semester":"2nd","status":"3.29"}],"passed":true},{"roll":"595153","technology":" DIPLOMA IN ENGINEERING (ALLIED),","regulation":"2016 ","college":"Dhaka Polytechnic Institute","result":[{"semester":"2nd","status":"2.91"}],"passed":true},{"roll":"595260","technology":" DIPLOMA IN ENGINEERING (ALLIED),","regulation":"2016 ","college":"Dhaka Polytechnic Institute","result":[{"semester":"2nd","status":"3.00"}],"passed":true},{"roll":"595288","technology":" DIPLOMA IN ENGINEERING (ALLIED),","regulation":"2016 ","college":"Dhaka Polytechnic Institute","result":[{"semester":"2nd","status":"3.11"}],"passed":true},{"roll":"595367","technology":" DIPLOMA IN ENGINEERING (ALLIED),","regulation":"2016 ","college":"Dhaka Polytechnic Institute","result":[{"semester":"2nd","status":"3.04"}],"passed":true},{"roll":"595476","technology":" DIPLOMA IN ENGINEERING (ALLIED),","regulation":"2016 ","college":"Dhaka Polytechnic Institute","result":[{"semester":"2nd","status":"2.73"}],"passed":true},{"roll":"595478","technology":" DIPLOMA IN ENGINEERING (ALLIED),","regulation":"2016 ","college":"Dhaka Polytechnic Institute","result":[{"semester":"2nd","status":"2.90"}],"passed":true},{"roll":"595483","technology":" DIPLOMA IN ENGINEERING (ALLIED),","regulation":"2016 ","college":"Dhaka Polytechnic Institute","result":[{"semester":"2nd","status":"2.83"}],"passed":true},{"roll":"595484","technology":" DIPLOMA IN ENGINEERING (ALLIED),","regulation":"2016 ","college":"Dhaka Polytechnic Institute","result":[{"semester":"2nd","status":"2.95"}],"passed":true},{"roll":"595487","technology":" DIPLOMA IN ENGINEERING (ALLIED),","regulation":"2016 ","college":"Dhaka Polytechnic Institute","result":[{"semester":"2nd","status":"3.11"}],"passed":true},{"roll":"595490","technology":" DIPLOMA IN ENGINEERING (ALLIED),","regulation":"2016 ","college":"Dhaka Polytechnic Institute","result":[{"semester":"2nd","status":"2.88"}],"passed":true},{"roll":"595491","technology":" DIPLOMA IN ENGINEERING (ALLIED),","regulation":"2016 ","college":"Dhaka Polytechnic Institute","result":[{"semester":"2nd","status":"2.89"}],"passed":true},{"roll":"595492","technology":" DIPLOMA IN ENGINEERING (ALLIED),","regulation":"2016 ","college":"Dhaka Polytechnic Institute","result":[{"semester":"2nd","status":"3.21"}],"passed":true},{"roll":"595615","technology":" DIPLOMA IN ENGINEERING (ALLIED),","regulation":"2016 ","college":"Dhaka Polytechnic Institute","result":[{"semester":"2nd","status":"2.80"}],"passed":true},{"roll":"595619","technology":" DIPLOMA IN ENGINEERING (ALLIED),","regulation":"2016 ","college":"Dhaka Polytechnic Institute","result":[{"semester":"2nd","status":"2.93"}],"passed":true},{"roll":"595624","technology":" DIPLOMA IN ENGINEERING (ALLIED),","regulation":"2016 ","college":"Dhaka Polytechnic Institute","result":[{"semester":"2nd","status":"2.86"}],"passed":true},{"roll":"595629","technology":" DIPLOMA IN ENGINEERING (ALLIED),","regulation":"2016 ","college":"Dhaka Polytechnic Institute","result":[{"semester":"2nd","status":"3.05"}],"passed":true},{"roll":"595632","technology":" DIPLOMA IN ENGINEERING (ALLIED),","regulation":"2016 ","college":"Dhaka Polytechnic Institute","result":[{"semester":"2nd","status":"2.80"}],"passed":true},{"roll":"595659","technology":" DIPLOMA IN ENGINEERING (ALLIED),","regulation":"2016 ","college":"Dhaka Polytechnic Institute","result":[{"semester":"2nd","status":"2.90"}],"passed":true},{"roll":"595704","technology":" DIPLOMA IN ENGINEERING (ALLIED),","regulation":"2016 ","college":"Dhaka Polytechnic Institute","result":[{"semester":"2nd","status":"3.02"}],"passed":true},{"roll":"595722","technology":" DIPLOMA IN ENGINEERING (ALLIED),","regulation":"2016 ","college":"Dhaka Polytechnic Institute","result":[{"semester":"2nd","status":"2.73"}],"passed":true},{"roll":"595724","technology":" DIPLOMA IN ENGINEERING (ALLIED),","regulation":"2016 ","college":"Dhaka Polytechnic Institute","result":[{"semester":"2nd","status":"3.02"}],"passed":true},{"roll":"595770","technology":" DIPLOMA IN ENGINEERING (ALLIED),","regulation":"2016 ","college":"Dhaka Polytechnic Institute","result":[{"semester":"2nd","status":"3.11"}],"passed":true},{"roll":"595816","technology":" DIPLOMA IN ENGINEERING (ALLIED),","regulation":"2016 ","college":"Dhaka Polytechnic Institute","result":[{"semester":"2nd","status":"3.04"}],"passed":true},{"roll":"595835","technology":" DIPLOMA IN ENGINEERING (ALLIED),","regulation":"2016 ","college":"Dhaka Polytechnic Institute","result":[{"semester":"2nd","status":"2.89"}],"passed":true},{"roll":"595892","technology":" DIPLOMA IN ENGINEERING (ALLIED),","regulation":"2016 ","college":"Dhaka Polytechnic Institute","result":[{"semester":"2nd","status":"3.00"}],"passed":true},{"roll":"595897","technology":" DIPLOMA IN ENGINEERING (ALLIED),","regulation":"2016 ","college":"Dhaka Polytechnic Institute","result":[{"semester":"2nd","status":"3.04"}],"passed":true},{"roll":"595946","technology":" DIPLOMA IN ENGINEERING (ALLIED),","regulation":"2016 ","college":"Dhaka Polytechnic Institute","result":[{"semester":"2nd","status":"2.93"}],"passed":true},{"roll":"595950","technology":" DIPLOMA IN ENGINEERING (ALLIED),","regulation":"2016 ","college":"Dhaka Polytechnic Institute","result":[{"semester":"2nd","status":"2.86"}],"passed":true},{"roll":"595956","technology":" DIPLOMA IN ENGINEERING (ALLIED),","regulation":"2016 ","college":"Dhaka Polytechnic Institute","result":[{"semester":"2nd","status":"3.35"}],"passed":true},{"roll":"595979","technology":" DIPLOMA IN ENGINEERING (ALLIED),","regulation":"2016 ","college":"Dhaka Polytechnic Institute","result":[{"semester":"2nd","status":"2.88"}],"passed":true},{"roll":"595991","technology":" DIPLOMA IN ENGINEERING (ALLIED),","regulation":"2016 ","college":"Dhaka Polytechnic Institute","result":[{"semester":"2nd","status":"3.18"}],"passed":true},{"roll":"595992","technology":" DIPLOMA IN ENGINEERING (ALLIED),","regulation":"2016 ","college":"Dhaka Polytechnic Institute","result":[{"semester":"2nd","status":"3.13"}],"passed":true},{"roll":"596936","technology":" DIPLOMA IN ENGINEERING (ALLIED),","regulation":"2016 ","college":"Dhaka Polytechnic Institute","result":[{"semester":"2nd","status":"3.03"}],"passed":true},{"roll":"596952","technology":" DIPLOMA IN ENGINEERING (ALLIED),","regulation":"2016 ","college":"Dhaka Polytechnic Institute","result":[{"semester":"2nd","status":"3.10"}],"passed":true},{"roll":"596953","technology":" DIPLOMA IN ENGINEERING (ALLIED),","regulation":"2016 ","college":"Dhaka Polytechnic Institute","result":[{"semester":"2nd","status":"3.20"}],"passed":true},{"roll":"596955","technology":" DIPLOMA IN ENGINEERING (ALLIED),","regulation":"2016 ","college":"Dhaka Polytechnic Institute","result":[{"semester":"2nd","status":"3.25"}],"passed":true},{"roll":"596957","technology":" DIPLOMA IN ENGINEERING (ALLIED),","regulation":"2016 ","college":"Dhaka Polytechnic Institute","result":[{"semester":"2nd","status":"3.30"}],"passed":true},{"roll":"596970","technology":" DIPLOMA IN ENGINEERING (ALLIED),","regulation":"2016 ","college":"Dhaka Polytechnic Institute","result":[{"semester":"2nd","status":"2.93"}],"passed":true},{"roll":"596987","technology":" DIPLOMA IN ENGINEERING (ALLIED),","regulation":"2016 ","college":"Dhaka Polytechnic Institute","result":[{"semester":"2nd","status":"2.82"}],"passed":true},{"roll":"597004","technology":" DIPLOMA IN ENGINEERING (ALLIED),","regulation":"2016 ","college":"Dhaka Polytechnic Institute","result":[{"semester":"2nd","status":"3.10"}],"passed":true},{"roll":"597011","technology":" DIPLOMA IN ENGINEERING (ALLIED),","regulation":"2016 ","college":"Dhaka Polytechnic Institute","result":[{"semester":"2nd","status":"3.18"}],"passed":true},{"roll":"597019","technology":" DIPLOMA IN ENGINEERING (ALLIED),","regulation":"2016 ","college":"Dhaka Polytechnic Institute","result":[{"semester":"2nd","status":"3.00"}],"passed":true},{"roll":"597057","technology":" DIPLOMA IN ENGINEERING (ALLIED),","regulation":"2016 ","college":"Dhaka Polytechnic Institute","result":[{"semester":"2nd","status":"2.93"}],"passed":true},{"roll":"597064","technology":" DIPLOMA IN ENGINEERING (ALLIED),","regulation":"2016 ","college":"Dhaka Polytechnic Institute","result":[{"semester":"2nd","status":"3.20"}],"passed":true},{"roll":"597065","technology":" DIPLOMA IN ENGINEERING (ALLIED),","regulation":"2016 ","college":"Dhaka Polytechnic Institute","result":[{"semester":"2nd","status":"3.70"}],"passed":true},{"roll":"597104","technology":" DIPLOMA IN ENGINEERING (ALLIED),","regulation":"2016 ","college":"Dhaka Polytechnic Institute","result":[{"semester":"2nd","status":"2.96"}],"passed":true},{"roll":"597119","technology":" DIPLOMA IN ENGINEERING (ALLIED),","regulation":"2016 ","college":"Dhaka Polytechnic Institute","result":[{"semester":"2nd","status":"3.23"}],"passed":true},{"roll":"597160","technology":" DIPLOMA IN ENGINEERING (ALLIED),","regulation":"2016 ","college":"Dhaka Polytechnic Institute","result":[{"semester":"2nd","status":"2.78"}],"passed":true},{"roll":"597165","technology":" DIPLOMA IN ENGINEERING (ALLIED),","regulation":"2016 ","college":"Dhaka Polytechnic Institute","result":[{"semester":"2nd","status":"2.80"}],"passed":true},{"roll":"597174","technology":" DIPLOMA IN ENGINEERING (ALLIED),","regulation":"2016 ","college":"Dhaka Polytechnic Institute","result":[{"semester":"2nd","status":"3.92"}],"passed":true},{"roll":"597244","technology":" DIPLOMA IN ENGINEERING (ALLIED),","regulation":"2016 ","college":"Dhaka Polytechnic Institute","result":[{"semester":"2nd","status":"2.83"}],"passed":true},{"roll":"597245","technology":" DIPLOMA IN ENGINEERING (ALLIED),","regulation":"2016 ","college":"Dhaka Polytechnic Institute","result":[{"semester":"2nd","status":"2.85"}],"passed":true},{"roll":"597250","technology":" DIPLOMA IN ENGINEERING (ALLIED),","regulation":"2016 ","college":"Dhaka Polytechnic Institute","result":[{"semester":"2nd","status":"3.10"}],"passed":true},{"roll":"597251","technology":" DIPLOMA IN ENGINEERING (ALLIED),","regulation":"2016 ","college":"Dhaka Polytechnic Institute","result":[{"semester":"2nd","status":"2.78"}],"passed":true},{"roll":"597253","technology":" DIPLOMA IN ENGINEERING (ALLIED),","regulation":"2016 ","college":"Dhaka Polytechnic Institute","result":[{"semester":"2nd","status":"3.14"}],"passed":true},{"roll":"597254","technology":" DIPLOMA IN ENGINEERING (ALLIED),","regulation":"2016 ","college":"Dhaka Polytechnic Institute","result":[{"semester":"2nd","status":"3.02"}],"passed":true},{"roll":"597256","technology":" DIPLOMA IN ENGINEERING (ALLIED),","regulation":"2016 ","college":"Dhaka Polytechnic Institute","result":[{"semester":"2nd","status":"3.20"}],"passed":true},{"roll":"597266","technology":" DIPLOMA IN ENGINEERING (ALLIED),","regulation":"2016 ","college":"Dhaka Polytechnic Institute","result":[{"semester":"2nd","status":"3.42"}],"passed":true},{"roll":"597343","technology":" DIPLOMA IN ENGINEERING (ALLIED),","regulation":"2016 ","college":"Dhaka Polytechnic Institute","result":[{"semester":"2nd","status":"3.18"}],"passed":true},{"roll":"597347","technology":" DIPLOMA IN ENGINEERING (ALLIED),","regulation":"2016 ","college":"Dhaka Polytechnic Institute","result":[{"semester":"2nd","status":"3.20"}],"passed":true},{"roll":"597348","technology":" DIPLOMA IN ENGINEERING (ALLIED),","regulation":"2016 ","college":"Dhaka Polytechnic Institute","result":[{"semester":"2nd","status":"3.07"}],"passed":true},{"roll":"597353","technology":" DIPLOMA IN ENGINEERING (ALLIED),","regulation":"2016 ","college":"Dhaka Polytechnic Institute","result":[{"semester":"2nd","status":"3.07"}],"passed":true},{"roll":"597354","technology":" DIPLOMA IN ENGINEERING (ALLIED),","regulation":"2016 ","college":"Dhaka Polytechnic Institute","result":[{"semester":"2nd","status":"2.84"}],"passed":true},{"roll":"597357","technology":" DIPLOMA IN ENGINEERING (ALLIED),","regulation":"2016 ","college":"Dhaka Polytechnic Institute","result":[{"semester":"2nd","status":"3.00"}],"passed":true},{"roll":"597358","technology":" DIPLOMA IN ENGINEERING (ALLIED),","regulation":"2016 ","college":"Dhaka Polytechnic Institute","result":[{"semester":"2nd","status":"2.96"}],"passed":true},{"roll":"597388","technology":" DIPLOMA IN ENGINEERING (ALLIED),","regulation":"2016 ","college":"Dhaka Polytechnic Institute","result":[{"semester":"2nd","status":"3.03"}],"passed":true},{"roll":"597389","technology":" DIPLOMA IN ENGINEERING (ALLIED),","regulation":"2016 ","college":"Dhaka Polytechnic Institute","result":[{"semester":"2nd","status":"2.95"}],"passed":true},{"roll":"597401","technology":" DIPLOMA IN ENGINEERING (ALLIED),","regulation":"2016 ","college":"Dhaka Polytechnic Institute","result":[{"semester":"2nd","status":"3.11"}],"passed":true},{"roll":"597432","technology":" DIPLOMA IN ENGINEERING (ALLIED),","regulation":"2016 ","college":"Dhaka Polytechnic Institute","result":[{"semester":"2nd","status":"3.16"}],"passed":true},{"roll":"597439","technology":" DIPLOMA IN ENGINEERING (ALLIED),","regulation":"2016 ","college":"Dhaka Polytechnic Institute","result":[{"semester":"2nd","status":"3.20"}],"passed":true},{"roll":"597440","technology":" DIPLOMA IN ENGINEERING (ALLIED),","regulation":"2016 ","college":"Dhaka Polytechnic Institute","result":[{"semester":"2nd","status":"2.95"}],"passed":true},{"roll":"597452","technology":" DIPLOMA IN ENGINEERING (ALLIED),","regulation":"2016 ","college":"Dhaka Polytechnic Institute","result":[{"semester":"2nd","status":"3.42"}],"passed":true},{"roll":"597453","technology":" DIPLOMA IN ENGINEERING (ALLIED),","regulation":"2016 ","college":"Dhaka Polytechnic Institute","result":[{"semester":"2nd","status":"3.42"}],"passed":true},{"roll":"597457","technology":" DIPLOMA IN ENGINEERING (ALLIED),","regulation":"2016 ","college":"Dhaka Polytechnic Institute","result":[{"semester":"2nd","status":"2.70"}],"passed":true},{"roll":"597466","technology":" DIPLOMA IN ENGINEERING (ALLIED),","regulation":"2016 ","college":"Dhaka Polytechnic Institute","result":[{"semester":"2nd","status":"2.82"}],"passed":true},{"roll":"597485","technology":" DIPLOMA IN ENGINEERING (ALLIED),","regulation":"2016 ","college":"Dhaka Polytechnic Institute","result":[{"semester":"2nd","status":"3.13"}],"passed":true},{"roll":"597487","technology":" DIPLOMA IN ENGINEERING (ALLIED),","regulation":"2016 ","college":"Dhaka Polytechnic Institute","result":[{"semester":"2nd","status":"2.88"}],"passed":true},{"roll":"597500","technology":" DIPLOMA IN ENGINEERING (ALLIED),","regulation":"2016 ","college":"Dhaka Polytechnic Institute","result":[{"semester":"2nd","status":"2.88"}],"passed":true},{"roll":"597504","technology":" DIPLOMA IN ENGINEERING (ALLIED),","regulation":"2016 ","college":"Dhaka Polytechnic Institute","result":[{"semester":"2nd","status":"3.10"}],"passed":true},{"roll":"597517","technology":" DIPLOMA IN ENGINEERING (ALLIED),","regulation":"2016 ","college":"Dhaka Polytechnic Institute","result":[{"semester":"2nd","status":"2.85"}],"passed":true},{"roll":"597544","technology":" DIPLOMA IN ENGINEERING (ALLIED),","regulation":"2016 ","college":"Dhaka Polytechnic Institute","result":[{"semester":"2nd","status":"3.13"}],"passed":true},{"roll":"597547","technology":" DIPLOMA IN ENGINEERING (ALLIED),","regulation":"2016 ","college":"Dhaka Polytechnic Institute","result":[{"semester":"2nd","status":"2.80"}],"passed":true},{"roll":"597556","technology":" DIPLOMA IN ENGINEERING (ALLIED),","regulation":"2016 ","college":"Dhaka Polytechnic Institute","result":[{"semester":"2nd","status":"2.95"}],"passed":true},{"roll":"597570","technology":" DIPLOMA IN ENGINEERING (ALLIED),","regulation":"2016 ","college":"Dhaka Polytechnic Institute","result":[{"semester":"2nd","status":"3.60"}],"passed":true},{"roll":"597571","technology":" DIPLOMA IN ENGINEERING (ALLIED),","regulation":"2016 ","college":"Dhaka Polytechnic Institute","result":[{"semester":"2nd","status":"3.53"}],"passed":true},{"roll":"597596","technology":" DIPLOMA IN ENGINEERING (ALLIED),","regulation":"2016 ","college":"Dhaka Polytechnic Institute","result":[{"semester":"2nd","status":"3.02"}],"passed":true},{"roll":"597610","technology":" DIPLOMA IN ENGINEERING (ALLIED),","regulation":"2016 ","college":"Dhaka Polytechnic Institute","result":[{"semester":"2nd","status":"3.34"}],"passed":true},{"roll":"595132","technology":" DIPLOMA IN ENGINEERING (ALLIED),","regulation":"2016 ","college":"Dhaka Polytechnic Institute","result":[{"semester":"2nd","status":"{ 67071(T), 67073(T),\r\n67076(T) }"}],"passed":false},{"roll":"595296","technology":" DIPLOMA IN ENGINEERING (ALLIED),","regulation":"2016 ","college":"Dhaka Polytechnic Institute","result":[{"semester":"2nd","status":"{ 67073(T) }"}],"passed":false},{"roll":"595493","technology":" DIPLOMA IN ENGINEERING (ALLIED),","regulation":"2016 ","college":"Dhaka Polytechnic Institute","result":[{"semester":"2nd","status":"{ 67071(T) }"}],"passed":false},{"roll":"595494","technology":" DIPLOMA IN ENGINEERING (ALLIED),","regulation":"2016 ","college":"Dhaka Polytechnic Institute","result":[{"semester":"2nd","status":"{ 67073(T) }"}],"passed":false},{"roll":"595614","technology":" DIPLOMA IN ENGINEERING (ALLIED),","regulation":"2016 ","college":"Dhaka Polytechnic Institute","result":[{"semester":"2nd","status":"{ 67073(T) }"}],"passed":false},{"roll":"595633","technology":" DIPLOMA IN ENGINEERING (ALLIED),","regulation":"2016 ","college":"Dhaka Polytechnic Institute","result":[{"semester":"2nd","status":"{ 67071(T), 67073(T) }"}],"passed":false},{"roll":"595723","technology":" DIPLOMA IN ENGINEERING (ALLIED),","regulation":"2016 ","college":"Dhaka Polytechnic Institute","result":[{"semester":"2nd","status":"{ 67073(T) }"}],"passed":false},{"roll":"595738","technology":" DIPLOMA IN ENGINEERING (ALLIED),","regulation":"2016 ","college":"Dhaka Polytechnic Institute","result":[{"semester":"2nd","status":"{ 67071(T) }"}],"passed":false},{"roll":"595884","technology":" DIPLOMA IN ENGINEERING (ALLIED),","regulation":"2016 ","college":"Dhaka Polytechnic Institute","result":[{"semester":"2nd","status":"{ 67073(T) }"}],"passed":false},{"roll":"595970","technology":" DIPLOMA IN ENGINEERING (ALLIED),","regulation":"2016 ","college":"Dhaka Polytechnic Institute","result":[{"semester":"2nd","status":"{ 67073(T) }"}],"passed":false},{"roll":"595971","technology":" DIPLOMA IN ENGINEERING (ALLIED),","regulation":"2016 ","college":"Dhaka Polytechnic Institute","result":[{"semester":"2nd","status":"{ 67073(T) }"}],"passed":false},{"roll":"595987","technology":" DIPLOMA IN ENGINEERING (ALLIED),","regulation":"2016 ","college":"Dhaka Polytechnic Institute","result":[{"semester":"2nd","status":"{ 67042(T) }"}],"passed":false},{"roll":"596956","technology":" DIPLOMA IN ENGINEERING (ALLIED),","regulation":"2016 ","college":"Dhaka Polytechnic Institute","result":[{"semester":"2nd","status":"{ 67073(T) }"}],"passed":false},{"roll":"596996","technology":" DIPLOMA IN ENGINEERING (ALLIED),","regulation":"2016 ","college":"Dhaka Polytechnic Institute","result":[{"semester":"2nd","status":"{ 67073(T) }"}],"passed":false},{"roll":"597003","technology":" DIPLOMA IN ENGINEERING (ALLIED),","regulation":"2016 ","college":"Dhaka Polytechnic Institute","result":[{"semester":"2nd","status":"{ 67073(T) }"}],"passed":false},{"roll":"597012","technology":" DIPLOMA IN ENGINEERING (ALLIED),","regulation":"2016 ","college":"Dhaka Polytechnic Institute","result":[{"semester":"2nd","status":"{ 67073(T) }"}],"passed":false},{"roll":"597058","technology":" DIPLOMA IN ENGINEERING (ALLIED),","regulation":"2016 ","college":"Dhaka Polytechnic Institute","result":[{"semester":"2nd","status":"{ 67073(T) }"}],"passed":false},{"roll":"597091","technology":" DIPLOMA IN ENGINEERING (ALLIED),","regulation":"2016 ","college":"Dhaka Polytechnic Institute","result":[{"semester":"2nd","status":"{ 67073(T) }"}],"passed":false},{"roll":"597111","technology":" DIPLOMA IN ENGINEERING (ALLIED),","regulation":"2016 ","college":"Dhaka Polytechnic Institute","result":[{"semester":"2nd","status":"{ 67073(T), 67076(T) }"}],"passed":false},{"roll":"597120","technology":" DIPLOMA IN ENGINEERING (ALLIED),","regulation":"2016 ","college":"Dhaka Polytechnic Institute","result":[{"semester":"2nd","status":"{ 67073(T) }"}],"passed":false},{"roll":"597123","technology":" DIPLOMA IN ENGINEERING (ALLIED),","regulation":"2016 ","college":"Dhaka Polytechnic Institute","result":[{"semester":"2nd","status":"{ 67071(T) }"}],"passed":false},{"roll":"597162","technology":" DIPLOMA IN ENGINEERING (ALLIED),","regulation":"2016 ","college":"Dhaka Polytechnic Institute","result":[{"semester":"2nd","status":"{ 67073(T) }"}],"passed":false},{"roll":"597246","technology":" DIPLOMA IN ENGINEERING (ALLIED),","regulation":"2016 ","college":"Dhaka Polytechnic Institute","result":[{"semester":"2nd","status":"{ 67073(P), 67075(T),\r\n67076(T,P) }"}],"passed":false},{"roll":"597342","technology":" DIPLOMA IN ENGINEERING (ALLIED),","regulation":"2016 ","college":"Dhaka Polytechnic Institute","result":[{"semester":"2nd","status":"{ 67073(T) }"}],"passed":false},{"roll":"597344","technology":" DIPLOMA IN ENGINEERING (ALLIED),","regulation":"2016 ","college":"Dhaka Polytechnic Institute","result":[{"semester":"2nd","status":"{ 67073(P), 67076(T,P) }"}],"passed":false},{"roll":"597351","technology":" DIPLOMA IN ENGINEERING (ALLIED),","regulation":"2016 ","college":"Dhaka Polytechnic Institute","result":[{"semester":"2nd","status":"{ 67073(T) }"}],"passed":false},{"roll":"597449","technology":" DIPLOMA IN ENGINEERING (ALLIED),","regulation":"2016 ","college":"Dhaka Polytechnic Institute","result":[{"semester":"2nd","status":"{ 67073(T) }"}],"passed":false},{"roll":"597498","technology":" DIPLOMA IN ENGINEERING (ALLIED),","regulation":"2016 ","college":"Dhaka Polytechnic Institute","result":[{"semester":"2nd","status":"{ 67073(T) }"}],"passed":false},{"roll":"597499","technology":" DIPLOMA IN ENGINEERING (ALLIED),","regulation":"2016 ","college":"Dhaka Polytechnic Institute","result":[{"semester":"2nd","status":"{ 67073(T) }"}],"passed":false},{"roll":"597516","technology":" DIPLOMA IN ENGINEERING (ALLIED),","regulation":"2016 ","college":"Dhaka Polytechnic Institute","result":[{"semester":"2nd","status":"{ 67073(T) }"}],"passed":false},{"roll":"597546","technology":" DIPLOMA IN ENGINEERING (ALLIED),","regulation":"2016 ","college":"Dhaka Polytechnic Institute","result":[{"semester":"2nd","status":"{ 67073(T) }"}],"passed":false},{"roll":"597619","technology":" DIPLOMA IN ENGINEERING (ALLIED),","regulation":"2016 ","college":"Dhaka Polytechnic Institute","result":[{"semester":"2nd","status":"{ 67071(T) }"}],"passed":false},{"roll":"597631","technology":" DIPLOMA IN ENGINEERING (ALLIED),","regulation":"2016 ","college":"Dhaka Polytechnic Institute","result":[{"semester":"2nd","status":"{ 67071(T) }"}],"passed":false},{"roll":"597437","technology":" DIPLOMA IN ENGINEERING (ALLIED),","regulation":"2016 ","college":"Dhaka Polytechnic Institute","result":[{"semester":"2nd","status":"{ 67071(T,P), 67073(T,P),\r\n67075(T), 67076(T,P) }"}],"passed":false},{"roll":"595160","technology":" DIPLOMA IN ENGINEERING (ALLIED),","regulation":"2016 ","college":"Mymensingh Polytechnic Institute","result":[{"semester":"2nd","status":"3.50"}],"passed":true},{"roll":"595480","technology":" DIPLOMA IN ENGINEERING (ALLIED),","regulation":"2016 ","college":"Mymensingh Polytechnic Institute","result":[{"semester":"2nd","status":"3.40"}],"passed":true},{"roll":"595771","technology":" DIPLOMA IN ENGINEERING (ALLIED),","regulation":"2016 ","college":"Mymensingh Polytechnic Institute","result":[{"semester":"2nd","status":"3.38"}],"passed":true},{"roll":"595856","technology":" DIPLOMA IN ENGINEERING (ALLIED),","regulation":"2016 ","college":"Mymensingh Polytechnic Institute","result":[{"semester":"2nd","status":"3.48"}],"passed":true},{"roll":"595889","technology":" DIPLOMA IN ENGINEERING (ALLIED),","regulation":"2016 ","college":"Mymensingh Polytechnic Institute","result":[{"semester":"2nd","status":"3.52"}],"passed":true},{"roll":"595980","technology":" DIPLOMA IN ENGINEERING (ALLIED),","regulation":"2016 ","college":"Mymensingh Polytechnic Institute","result":[{"semester":"2nd","status":"3.68"}],"passed":true},{"roll":"596940","technology":" DIPLOMA IN ENGINEERING (ALLIED),","regulation":"2016 ","college":"Mymensingh Polytechnic Institute","result":[{"semester":"2nd","status":"3.41"}],"passed":true},{"roll":"596943","technology":" DIPLOMA IN ENGINEERING (ALLIED),","regulation":"2016 ","college":"Mymensingh Polytechnic Institute","result":[{"semester":"2nd","status":"3.40"}],"passed":true},{"roll":"596954","technology":" DIPLOMA IN ENGINEERING (ALLIED),","regulation":"2016 ","college":"Mymensingh Polytechnic Institute","result":[{"semester":"2nd","status":"3.55"}],"passed":true},{"roll":"597008","technology":" DIPLOMA IN ENGINEERING (ALLIED),","regulation":"2016 ","college":"Mymensingh Polytechnic Institute","result":[{"semester":"2nd","status":"3.25"}],"passed":true},{"roll":"597022","technology":" DIPLOMA IN ENGINEERING (ALLIED),","regulation":"2016 ","college":"Mymensingh Polytechnic Institute","result":[{"semester":"2nd","status":"3.67"}],"passed":true},{"roll":"597051","technology":" DIPLOMA IN ENGINEERING (ALLIED),","regulation":"2016 ","college":"Mymensingh Polytechnic Institute","result":[{"semester":"2nd","status":"3.58"}],"passed":true},{"roll":"597052","technology":" DIPLOMA IN ENGINEERING (ALLIED),","regulation":"2016 ","college":"Mymensingh Polytechnic Institute","result":[{"semester":"2nd","status":"3.58"}],"passed":true},{"roll":"597053","technology":" DIPLOMA IN ENGINEERING (ALLIED),","regulation":"2016 ","college":"Mymensingh Polytechnic Institute","result":[{"semester":"2nd","status":"3.42"}],"passed":true},{"roll":"597054","technology":" DIPLOMA IN ENGINEERING (ALLIED),","regulation":"2016 ","college":"Mymensingh Polytechnic Institute","result":[{"semester":"2nd","status":"3.42"}],"passed":true},{"roll":"597066","technology":" DIPLOMA IN ENGINEERING (ALLIED),","regulation":"2016 ","college":"Mymensingh Polytechnic Institute","result":[{"semester":"2nd","status":"3.41"}],"passed":true},{"roll":"597074","technology":" DIPLOMA IN ENGINEERING (ALLIED),","regulation":"2016 ","college":"Mymensingh Polytechnic Institute","result":[{"semester":"2nd","status":"3.17"}],"passed":true},{"roll":"597075","technology":" DIPLOMA IN ENGINEERING (ALLIED),","regulation":"2016 ","college":"Mymensingh Polytechnic Institute","result":[{"semester":"2nd","status":"3.58"}],"passed":true},{"roll":"597076","technology":" DIPLOMA IN ENGINEERING (ALLIED),","regulation":"2016 ","college":"Mymensingh Polytechnic Institute","result":[{"semester":"2nd","status":"3.75"}],"passed":true},{"roll":"597077","technology":" DIPLOMA IN ENGINEERING (ALLIED),","regulation":"2016 ","college":"Mymensingh Polytechnic Institute","result":[{"semester":"2nd","status":"3.67"}],"passed":true},{"roll":"597085","technology":" DIPLOMA IN ENGINEERING (ALLIED),","regulation":"2016 ","college":"Mymensingh Polytechnic Institute","result":[{"semester":"2nd","status":"3.50"}],"passed":true},{"roll":"597086","technology":" DIPLOMA IN ENGINEERING (ALLIED),","regulation":"2016 ","college":"Mymensingh Polytechnic Institute","result":[{"semester":"2nd","status":"3.50"}],"passed":true},{"roll":"597087","technology":" DIPLOMA IN ENGINEERING (ALLIED),","regulation":"2016 ","college":"Mymensingh Polytechnic Institute","result":[{"semester":"2nd","status":"3.83"}],"passed":true},{"roll":"597109","technology":" DIPLOMA IN ENGINEERING (ALLIED),","regulation":"2016 ","college":"Mymensingh Polytechnic Institute","result":[{"semester":"2nd","status":"3.68"}],"passed":true},{"roll":"597110","technology":" DIPLOMA IN ENGINEERING (ALLIED),","regulation":"2016 ","college":"Mymensingh Polytechnic Institute","result":[{"semester":"2nd","status":"3.68"}],"passed":true},{"roll":"597121","technology":" DIPLOMA IN ENGINEERING (ALLIED),","regulation":"2016 ","college":"Mymensingh Polytechnic Institute","result":[{"semester":"2nd","status":"3.90"}],"passed":true},{"roll":"597163","technology":" DIPLOMA IN ENGINEERING (ALLIED),","regulation":"2016 ","college":"Mymensingh Polytechnic Institute","result":[{"semester":"2nd","status":"3.55"}],"passed":true},{"roll":"597247","technology":" DIPLOMA IN ENGINEERING (ALLIED),","regulation":"2016 ","college":"Mymensingh Polytechnic Institute","result":[{"semester":"2nd","status":"3.73"}],"passed":true},{"roll":"597248","technology":" DIPLOMA IN ENGINEERING (ALLIED),","regulation":"2016 ","college":"Mymensingh Polytechnic Institute","result":[{"semester":"2nd","status":"3.48"}],"passed":true},{"roll":"597249","technology":" DIPLOMA IN ENGINEERING (ALLIED),","regulation":"2016 ","college":"Mymensingh Polytechnic Institute","result":[{"semester":"2nd","status":"3.65"}],"passed":true},{"roll":"597346","technology":" DIPLOMA IN ENGINEERING (ALLIED),","regulation":"2016 ","college":"Mymensingh Polytechnic Institute","result":[{"semester":"2nd","status":"3.80"}],"passed":true},{"roll":"597349","technology":" DIPLOMA IN ENGINEERING (ALLIED),","regulation":"2016 ","college":"Mymensingh Polytechnic Institute","result":[{"semester":"2nd","status":"3.50"}],"passed":true},{"roll":"597350","technology":" DIPLOMA IN ENGINEERING (ALLIED),","regulation":"2016 ","college":"Mymensingh Polytechnic Institute","result":[{"semester":"2nd","status":"3.55"}],"passed":true},{"roll":"597355","technology":" DIPLOMA IN ENGINEERING (ALLIED),","regulation":"2016 ","college":"Mymensingh Polytechnic Institute","result":[{"semester":"2nd","status":"3.88"}],"passed":true},{"roll":"597356","technology":" DIPLOMA IN ENGINEERING (ALLIED),","regulation":"2016 ","college":"Mymensingh Polytechnic Institute","result":[{"semester":"2nd","status":"3.88"}],"passed":true},{"roll":"597360","technology":" DIPLOMA IN ENGINEERING (ALLIED),","regulation":"2016 ","college":"Mymensingh Polytechnic Institute","result":[{"semester":"2nd","status":"3.70"}],"passed":true},{"roll":"597381","technology":" DIPLOMA IN ENGINEERING (ALLIED),","regulation":"2016 ","college":"Mymensingh Polytechnic Institute","result":[{"semester":"2nd","status":"3.17"}],"passed":true},{"roll":"597387","technology":" DIPLOMA IN ENGINEERING (ALLIED),","regulation":"2016 ","college":"Mymensingh Polytechnic Institute","result":[{"semester":"2nd","status":"3.65"}],"passed":true},{"roll":"597399","technology":" DIPLOMA IN ENGINEERING (ALLIED),","regulation":"2016 ","college":"Mymensingh Polytechnic Institute","result":[{"semester":"2nd","status":"3.50"}],"passed":true},{"roll":"597400","technology":" DIPLOMA IN ENGINEERING (ALLIED),","regulation":"2016 ","college":"Mymensingh Polytechnic Institute","result":[{"semester":"2nd","status":"3.82"}],"passed":true},{"roll":"597438","technology":" DIPLOMA IN ENGINEERING (ALLIED),","regulation":"2016 ","college":"Mymensingh Polytechnic Institute","result":[{"semester":"2nd","status":"3.93"}],"passed":true},{"roll":"597469","technology":" DIPLOMA IN ENGINEERING (ALLIED),","regulation":"2016 ","college":"Mymensingh Polytechnic Institute","result":[{"semester":"2nd","status":"3.33"}],"passed":true},{"roll":"597471","technology":" DIPLOMA IN ENGINEERING (ALLIED),","regulation":"2016 ","college":"Mymensingh Polytechnic Institute","result":[{"semester":"2nd","status":"3.67"}],"passed":true},{"roll":"597472","technology":" DIPLOMA IN ENGINEERING (ALLIED),","regulation":"2016 ","college":"Mymensingh Polytechnic Institute","result":[{"semester":"2nd","status":"3.42"}],"passed":true},{"roll":"597512","technology":" DIPLOMA IN ENGINEERING (ALLIED),","regulation":"2016 ","college":"Mymensingh Polytechnic Institute","result":[{"semester":"2nd","status":"3.60"}],"passed":true},{"roll":"597513","technology":" DIPLOMA IN ENGINEERING (ALLIED),","regulation":"2016 ","college":"Mymensingh Polytechnic Institute","result":[{"semester":"2nd","status":"3.75"}],"passed":true},{"roll":"597539","technology":" DIPLOMA IN ENGINEERING (ALLIED),","regulation":"2016 ","college":"Mymensingh Polytechnic Institute","result":[{"semester":"2nd","status":"3.60"}],"passed":true},{"roll":"597545","technology":" DIPLOMA IN ENGINEERING (ALLIED),","regulation":"2016 ","college":"Mymensingh Polytechnic Institute","result":[{"semester":"2nd","status":"3.78"}],"passed":true},{"roll":"597572","technology":" DIPLOMA IN ENGINEERING (ALLIED),","regulation":"2016 ","college":"Mymensingh Polytechnic Institute","result":[{"semester":"2nd","status":"3.50"}],"passed":true},{"roll":"597573","technology":" DIPLOMA IN ENGINEERING (ALLIED),","regulation":"2016 ","college":"Mymensingh Polytechnic Institute","result":[{"semester":"2nd","status":"3.50"}],"passed":true},{"roll":"597583","technology":" DIPLOMA IN ENGINEERING (ALLIED),","regulation":"2016 ","college":"Mymensingh Polytechnic Institute","result":[{"semester":"2nd","status":"3.58"}],"passed":true},{"roll":"597584","technology":" DIPLOMA IN ENGINEERING (ALLIED),","regulation":"2016 ","college":"Mymensingh Polytechnic Institute","result":[{"semester":"2nd","status":"3.68"}],"passed":true},{"roll":"595876","technology":" DIPLOMA IN ENGINEERING (ALLIED),","regulation":"2016 ","college":"Mymensingh Polytechnic Institute","result":[{"semester":"2nd","status":"{ 67071(T), 67073(T),\r\n67076(T) }"}],"passed":false},{"roll":"595978","technology":" DIPLOMA IN ENGINEERING (ALLIED),","regulation":"2016 ","college":"Mymensingh Polytechnic Institute","result":[{"semester":"2nd","status":"{ 66774(T) }"}],"passed":false},{"roll":"597176","technology":" DIPLOMA IN ENGINEERING (ALLIED),","regulation":"2016 ","college":"Mymensingh Polytechnic Institute","result":[{"semester":"2nd","status":"{ 66773(T) }"}],"passed":false},{"roll":"597267","technology":" DIPLOMA IN ENGINEERING (ALLIED),","regulation":"2016 ","college":"Mymensingh Polytechnic Institute","result":[{"semester":"2nd","status":"{ 66773(T) }"}],"passed":false},{"roll":"597382","technology":" DIPLOMA IN ENGINEERING (ALLIED),","regulation":"2016 ","college":"Mymensingh Polytechnic Institute","result":[{"semester":"2nd","status":"{ 66773(T), 66774(T) }"}],"passed":false},{"roll":"597470","technology":" DIPLOMA IN ENGINEERING (ALLIED),","regulation":"2016 ","college":"Mymensingh Polytechnic Institute","result":[{"semester":"2nd","status":"{ 66741(T,P), 66773(T,P),\r\n66774(T,P) }"}],"passed":false},{"roll":"597574","technology":" DIPLOMA IN ENGINEERING (ALLIED),","regulation":"2016 ","college":"Mymensingh Polytechnic Institute","result":[{"semester":"2nd","status":"{ 66773(T) }"}],"passed":false},{"roll":"595495","technology":" DIPLOMA IN ENGINEERING (ALLIED),","regulation":"2016 ","college":"Chittagong Polytechnic Institute","result":[{"semester":"2nd","status":"3.21"}],"passed":true},{"roll":"595516","technology":" DIPLOMA IN ENGINEERING (ALLIED),","regulation":"2016 ","college":"Chittagong Polytechnic Institute","result":[{"semester":"2nd","status":"3.52"}],"passed":true},{"roll":"596939","technology":" DIPLOMA IN ENGINEERING (ALLIED),","regulation":"2016 ","college":"Chittagong Polytechnic Institute","result":[{"semester":"2nd","status":"2.77"}],"passed":true},{"roll":"597118","technology":" DIPLOMA IN ENGINEERING (ALLIED),","regulation":"2016 ","college":"Chittagong Polytechnic Institute","result":[{"semester":"2nd","status":"2.58"}],"passed":true},{"roll":"597345","technology":" DIPLOMA IN ENGINEERING (ALLIED),","regulation":"2016 ","college":"Chittagong Polytechnic Institute","result":[{"semester":"2nd","status":"2.98"}],"passed":true},{"roll":"597359","technology":" DIPLOMA IN ENGINEERING (ALLIED),","regulation":"2016 ","college":"Chittagong Polytechnic Institute","result":[{"semester":"2nd","status":"2.82"}],"passed":true},{"roll":"597505","technology":" DIPLOMA IN ENGINEERING (ALLIED),","regulation":"2016 ","college":"Chittagong Polytechnic Institute","result":[{"semester":"2nd","status":"2.98"}],"passed":true},{"roll":"597621","technology":" DIPLOMA IN ENGINEERING (ALLIED),","regulation":"2016 ","college":"Chittagong Polytechnic Institute","result":[{"semester":"2nd","status":"2.96"}],"passed":true},{"roll":"596938","technology":" DIPLOMA IN ENGINEERING (ALLIED),","regulation":"2016 ","college":"Chittagong Polytechnic Institute","result":[{"semester":"2nd","status":"{ 67062(T) }"}],"passed":false},{"roll":"597122","technology":" DIPLOMA IN ENGINEERING (ALLIED),","regulation":"2016 ","college":"Chittagong Polytechnic Institute","result":[{"semester":"2nd","status":"{ 67073(T) }"}],"passed":false},{"roll":"597620","technology":" DIPLOMA IN ENGINEERING (ALLIED),","regulation":"2016 ","college":"Chittagong Polytechnic Institute","result":[{"semester":"2nd","status":"{ 67062(T), 67075(T) }"}],"passed":false}]